username, created_at, lng, lat, text
p_jaikumar, Wed Apr 22 06:07:57 +0000 2020, 88.352242, 22.612706, https://t.co/79BlMZ6wf0
GingerSottile, Wed Apr 22 06:07:59 +0000 2020, -79.837322, 32.847947, Seriously wth??
JackieWarner13, Wed Apr 22 06:08:01 +0000 2020, 150.931975, -33.848244, Constructive discussion &amp; Donald Trump shouldn't be in the same sentence.
mauriziobarbol1, Wed Apr 22 06:08:09 +0000 2020, 12.867294, 43.894178, Buongiorno,Ricapitolando #Trump ha gi√† mandato i soldi alle famiglie e impreseIdem #PutinCina, Olanda( 4.000) ,‚Ä¶ https://t.co/SDnrShbISO
manib81, Wed Apr 22 06:08:26 +0000 2020, -1.518651, 52.411913, @nowthisnews Pick your hand up if you want to smack Trump in the head to see if he has a brain... https://t.co/igTB9Cknsd
William73529424, Wed Apr 22 06:08:36 +0000 2020, -79.861034, 35.170499, I have followed quite a few people that have the same negative views of Trump, and could really use some followers.‚Ä¶ https://t.co/0pAshjD9u7
machonejack, Wed Apr 22 06:08:50 +0000 2020, -85.722346, 38.195555, But trump &amp; his family raking in üí∞üí∞along with trumps select GOP puppets cashing in on a horrible lie ü§¨
cutejimmyy, Wed Apr 22 06:08:51 +0000 2020, 103.630391, 1.472844, Meanwhile in Malaysia, someone said that there are 500 countries.#ytjt
Intuativegemini, Wed Apr 22 06:08:57 +0000 2020, -112.124676, 33.552863, @MSNBC look Trump has stock inThis medication..family trust bought!!
HeinzSc51846951, Wed Apr 22 06:09:03 +0000 2020, 12.485660, 50.720049, @Eddie_1412 @taz_berlin @BarbaraJunge @morgenmagazin Das Moma kann man sich am Morgen nicht an tun. Hetze gegen TRU‚Ä¶ https://t.co/cZ5Y9xj1kv
JulieManfredi, Wed Apr 22 06:09:06 +0000 2020, 150.931975, -33.848244, Now he is lashing out blaming others and causing chaos
JGoku18, Wed Apr 22 06:09:12 +0000 2020, -94.696224, 37.405767, This is fantastic.
robbierocket7, Wed Apr 22 06:09:21 +0000 2020, 145.053135, -37.972566, @pwafork @spooky_girl it started in china, but is spreading through your mates trump land like we've had a few to m‚Ä¶ https://t.co/8Q8jRYr2Xo
gonzostein, Wed Apr 22 06:09:27 +0000 2020, -76.620482, 39.284713, @AuthorKimberley If it prevents a 2nd Trump term...yay!!!!
ewillis7, Wed Apr 22 06:09:28 +0000 2020, -79.857363, 36.090397, @GovLarryHogan Trump may not recognize shade. But I do. https://t.co/5wzuRiRo3q
democraticbear, Wed Apr 22 06:09:45 +0000 2020, -80.084212, 26.617028, Hate to tell these Republican Trumpsuckers, COVID-19 does not care about Political Party Affiliation.Not any ques‚Ä¶ https://t.co/0zeaPocfph
nicholasvirzi, Wed Apr 22 06:09:56 +0000 2020, -90.224221, 15.772468, ¬øQu√© les pasa? Admite:"no fue un experimento riguroso" y "no ha sido revisado por otros cient√≠ficos". "La diferen‚Ä¶ https://t.co/LHHUIiZ0eK
mcford77, Wed Apr 22 06:10:07 +0000 2020, -83.804475, 27.698682, They knew this for months but refused to vote to allow witnesses ?
RealityLocal, Wed Apr 22 06:10:12 +0000 2020, 78.385285, 17.395038, @BJP4India It makes sense that @narendramodi would get his compliments from the likes of this extreme right wing, r‚Ä¶ https://t.co/MP7GDV7Luk
VictorP13996448, Wed Apr 22 06:10:21 +0000 2020, -71.088712, 42.313670, Trump quiere que la Universidad de Harvard devuelva la ayuda econ√≥mica por el coronavirus https://t.co/EXaY0nOjLA
BostonMaggie, Wed Apr 22 06:10:27 +0000 2020, -71.003184, 41.650226, @Jenoir4 @llcthecableguy @FF_fanster @glennwsmith @riotheatherrr A picture of Trump straining to listen to a tape h‚Ä¶ https://t.co/5JwrUQV8CL
Shannon99138495, Wed Apr 22 06:10:38 +0000 2020, -122.520727, 37.986542, @glennresists3 TRUMP! Covid-19 won‚Äôt dissapear until he and his incompetence is GONE!!! #TrumpLiedPeopleDied
Beverlyb11, Wed Apr 22 06:10:51 +0000 2020, -106.092973, 39.583484, Also unsuccessful tests at the VA and in France. It's not working.
TurnerT7057, Wed Apr 22 06:11:09 +0000 2020, -82.501283, 27.543043, Because of you, they were able to cross over to Trumps side
SZC65007209, Wed Apr 22 06:11:11 +0000 2020, 118.769876, 36.395863, @tellcarl2 @ChinaDaily Trump wears a rather striking shade of lipstick.  Guaranteed he could make a lot of money wa‚Ä¶ https://t.co/tYRfqCMqdo
notung, Wed Apr 22 06:11:30 +0000 2020, -4.096472, 40.578169, ‚ÄúTrump dar√°‚Äù ser√≠a lo correcto. Hasta el 31 de diciembre le seguimos comprando petr√≥leo?: Trump da un golpe definit‚Ä¶ https://t.co/7SQ4UY3mfu
dianeraucher, Wed Apr 22 06:11:36 +0000 2020, -115.038337, 36.006256, Not only this but because many hospitals cannot run business as usual they are cutting the salaries of health care‚Ä¶ https://t.co/CkZiA4X7zb
TheDarkPixel, Wed Apr 22 06:11:59 +0000 2020, -1.556873, 47.174899, Donald Trump annonce une "pause" de 60 jours sur la d√©livrance des cartes verteshttps://t.co/gj53b9xYvl
JanyaCochran, Wed Apr 22 06:12:01 +0000 2020, -112.379447, 33.646654, WITCH HUNT: Democrats Seek DOJ Investigation Into AG Barr And Trump https://t.co/Bjb1zz0Te3
MatthewJB1978, Wed Apr 22 06:12:05 +0000 2020, -3.179800, 51.497001, @SkyNewsBreak They could argue and say Trump was told In January but chose to ignore it
Onka13125466, Wed Apr 22 06:12:22 +0000 2020, 14.992997, 46.149079, ü§îü§îüòñüòï
JudithW4, Wed Apr 22 06:12:26 +0000 2020, -80.138645, 26.251895, trump is the corpse at every funeral
RichEng4ProPick, Wed Apr 22 06:12:46 +0000 2020, -115.135165, 36.060964, @jaketapper Remember when Trump advised all Americans ‚Äú...what have you got to lose?...‚Äù
mike_daly1, Wed Apr 22 06:12:50 +0000 2020, -0.738308, 51.511460, Whilst small scale French snd Chinese studies suggest the same. And why an antibacterial drug should combat a virus‚Ä¶ https://t.co/iVHb96H0Z6
Shannon99138495, Wed Apr 22 06:12:53 +0000 2020, -122.520727, 37.986542, @realDonaldTrump @RepDanCrenshaw Only trash like Trump would watch trash like that!!!
PoliticalPrada, Wed Apr 22 06:12:56 +0000 2020, -77.282047, 38.942015, #Harvard is greedy; with the money they receive in endowments, they don‚Äôt need to have students pay tuition. BUT, T‚Ä¶ https://t.co/KbaiDYrStS
ProfRBoswell, Wed Apr 22 06:12:56 +0000 2020, -122.279521, 37.875845, Unstated in this outrageous act is that immigrant quota numbers not used are gone forever at the end of the fiscal‚Ä¶ https://t.co/erQDRyIEYT
AlvarezImaging, Wed Apr 22 06:13:05 +0000 2020, -83.804475, 27.698682, @SeanOfriel At this point, anyone shading the only available remedy to Trump's incompetence is viewed skeptically.‚Ä¶ https://t.co/3mSR39eATY
LAangel_Camilla, Wed Apr 22 06:13:12 +0000 2020, -118.411907, 34.020789, @SarahHuckabee @RealJamesWoods LIARS! @SpeakerPelosi is FIGHTING to make sure SMALL BUSINESS gets their money since‚Ä¶ https://t.co/Qpj1QwhT5u
jittomama, Wed Apr 22 06:13:18 +0000 2020, -93.361321, 46.441861, Donald Trump
BenVanRossum1, Wed Apr 22 06:13:30 +0000 2020, 6.564774, 53.221741, Trump was talking about the vote was rigged b4 the first vote was in.He himself did't believe he would win&amp;iff U ha‚Ä¶ https://t.co/q2YD5w9oW9
CarolynGene, Wed Apr 22 06:13:38 +0000 2020, -104.775030, 37.629269, @thehill   Me to   They should pay it back !
RenoNVSparky, Wed Apr 22 06:13:53 +0000 2020, -119.827182, 39.512436, Oh give me a fucking break.
L70OZ, Wed Apr 22 06:14:02 +0000 2020, -115.038337, 36.006256, @JoseColinaP @ananiasjupiter Este individuo lo que hace es hablar idioteces de nuestro principal aliado, el √∫nico q‚Ä¶ https://t.co/Xb6NpHnGXM
damienrecords, Wed Apr 22 06:14:26 +0000 2020, -100.076888, 31.168893, @realDonaldTrump@BuckSexton@SpeakerPelosiPelosi Promises to Resign if Trump is Re-Elected https://t.co/cn16S9Z4qq via @Portal American
TSFRadio, Wed Apr 22 06:14:32 +0000 2020, -9.099043, 38.747518, Trump deseja as melhoras a Kim Jong-un por alegados problemas de sa√∫de https://t.co/OkwHqXN3tX Em‚Ä¶ https://t.co/MAHN6uuK5i
lovettsusan62, Wed Apr 22 06:14:36 +0000 2020, -84.539813, 39.137038, @realDonaldTrump Mr.President TrumpYou are doing great ,job sir.The Democratic party is trying to impeach you aga‚Ä¶ https://t.co/yYbRgpFhMa
DbAshby, Wed Apr 22 06:14:37 +0000 2020, -2.233480, 53.456952, @KatyJane_101 Considering what Trump has said about his daughter in the past it is no surprise they're screwed up
GingerSottile, Wed Apr 22 06:14:47 +0000 2020, -79.837322, 32.847947, #MurdererInChief
mike_hardman, Wed Apr 22 06:15:02 +0000 2020, 100.695176, 13.624057, In Trump's America they put money before lives and are willing to sacrifice the weak so "the strongest " can go to‚Ä¶ https://t.co/4a43iGt4sw
RickHammerly, Wed Apr 22 06:15:17 +0000 2020, -77.014398, 38.898603, #COVIDIOTS on parade!
Buby43560045, Wed Apr 22 06:15:22 +0000 2020, -68.849751, -32.930143, @PPTenel13 Bueno, eso hace una democracia pura, te advierte, te muestra, ahora si vos sales o no sigues un protocol‚Ä¶ https://t.co/GvuS4flrpB
guy_ste, Wed Apr 22 06:15:38 +0000 2020, 6.133299, 49.815490, Mafioso Trump macht dichtWegen der Coronakrise setzt Donald Trump alle Greencard-Genehmigungen aus - historisch be‚Ä¶ https://t.co/Jaq3aKQEdm
mike_hardman, Wed Apr 22 06:15:50 +0000 2020, 100.695176, 13.624057, #Prison4InsiderTraders#NegligentHomicide#TrumpGenocide #TrumpResignNow #TrumpLiesAmericansDie‚Ä¶ https://t.co/6pZEtDfBUk
BenVanRossum1, Wed Apr 22 06:15:53 +0000 2020, 6.564774, 53.221741, FIRE TRUMP NOT FAUCCI.#TrumpPandemicFailure
DavefromFlint, Wed Apr 22 06:15:53 +0000 2020, -83.725610, 42.994459, @CNN Don't use it because CNN is afraid you will live and vote for President Trump, CNN would rather have you dead than a Trump voter.
DebraHo25101890, Wed Apr 22 06:16:02 +0000 2020, -88.161555, 30.683649, This = DeepState's #1 TACTIC.They ACCUSE Trump, others...of the LIES &amp; CORRUPTION 4WHICH THEY THEMSELVES ARE GUIL‚Ä¶ https://t.co/32RlUk7edH
mz_apri, Wed Apr 22 06:16:43 +0000 2020, -87.732013, 41.833585, That Orange Man Just Slow ü§£üò≠
JeriKMiller1, Wed Apr 22 06:16:44 +0000 2020, -89.569491, 44.900818, Not every choice or action by people is black n white, lots o grey area. In Trump's case, its all about himself. Re‚Ä¶ https://t.co/RKnUwkP8jI
swanny72, Wed Apr 22 06:16:52 +0000 2020, -122.096397, 47.992142, @jonkarl question sir. I saw you on the 11th hr last night. Great info. I noticed the baseballs you have on your sh‚Ä¶ https://t.co/RI4yZZnNim
marevegan, Wed Apr 22 06:17:11 +0000 2020, -83.804475, 27.698682, Hey, now! Florida is not that bad! What about Texas? I think he's more the Texas of Presidents!
VanceKosloff, Wed Apr 22 06:17:12 +0000 2020, -80.846785, 35.209059, @AKA_RealDirty I'm beginning to believe that the democrats and the drive by media did all this in another attempt t‚Ä¶ https://t.co/bYghSjrdF8
machonejack, Wed Apr 22 06:17:20 +0000 2020, -85.722346, 38.195555, Remember folks these trump puppets not even journalists are paid big bucks to push out right lies fake propaganda c‚Ä¶ https://t.co/OutVHBw5rI
nicholasvirzi, Wed Apr 22 06:17:24 +0000 2020, -90.224221, 15.772468, Tanto les importaban las investigaciones contra Trump.  Bellezas de argumentos legales que daban. Ahora nada que de‚Ä¶ https://t.co/9UjdVanQL6
srigop8, Wed Apr 22 06:17:34 +0000 2020, -77.014398, 38.898603, A must read. How Mitch McConnell Became Trump‚Äôs Enabler-in-Chief https://t.co/ACLSi0uRIa via @NewYorker
BenrogersBen, Wed Apr 22 06:18:32 +0000 2020, -115.038337, 36.006256, TRUMP!
mike_hardman, Wed Apr 22 06:18:46 +0000 2020, 100.695176, 13.624057, Another businessman upset that he's not going to benefit from Trump's CORRUPTION for much longer.Ohio COVID-19 rec‚Ä¶ https://t.co/1Mr6T5HyIk
ewillis7, Wed Apr 22 06:18:57 +0000 2020, -79.857363, 36.090397, The Ugly American. And here we are. #trump
TheHoneyDrop, Wed Apr 22 06:18:58 +0000 2020, -73.968542, 40.780709, ...which we would not want to do, that we may Glory in all that God would lead us to.This so that our Predestinat‚Ä¶ https://t.co/ngcHLRHVg7
MwahafarN, Wed Apr 22 06:19:04 +0000 2020, 17.835707, -11.207940, USA accounted for 2700+ deaths yesterday alone yet they‚Äôre still looking at reopening their economy? If they actual‚Ä¶ https://t.co/rCP6YpuEjG
democraticbear, Wed Apr 22 06:19:07 +0000 2020, -80.084212, 26.617028, Pursuant to the actions of these Republicans, appears that finding death is their action of choice.#LockThemUp https://t.co/zyLrXSykZZ
lovettsusan62, Wed Apr 22 06:19:35 +0000 2020, -84.539813, 39.137038, @VFuska Vincent,I find the Democratic party are trying to impeach the President Trump So what we going to about it‚Ä¶ https://t.co/AXd4kXX7aG
GingerSottile, Wed Apr 22 06:19:52 +0000 2020, -79.837322, 32.847947, #MoronInChief
mnsportsfan98, Wed Apr 22 06:20:18 +0000 2020, -93.361321, 46.441861, Love it!
Angiesnguyen, Wed Apr 22 06:20:21 +0000 2020, -118.130426, 33.937674, Just only tweet to president Trump  we always support to president Trump
Boro_Brick_Road, Wed Apr 22 06:20:49 +0000 2020, -1.536542, 54.486226, ‚ÄúWhat have you got to lose‚Äù said TrumpYour life says the research
ArizonaSage60, Wed Apr 22 06:20:54 +0000 2020, -112.124676, 33.552863, @JamesKnight777 Put them in candy dishes in every room Trump rents to the rubes.
Stvzbnk, Wed Apr 22 06:20:54 +0000 2020, -115.223125, 36.232915, @WhiteHouse @realDonaldTrump ...and thats a Deep Blue State. Trump Loves America.
RobBenjamin, Wed Apr 22 06:20:59 +0000 2020, -74.650744, 40.224863, @mikefarb1 I would not ordinarily think in such conspiratorial terms. But Trump acts like an increasingly cornered‚Ä¶ https://t.co/i7cFxVnloQ
Aegethir, Wed Apr 22 06:21:06 +0000 2020, 7.159830, 46.803120, @Strandjunker Just like Trump is still president.
GabrielaxJM, Wed Apr 22 06:21:38 +0000 2020, -77.487526, -11.274179, @ladylestrange @XXOSkyXXO Bolsonaro is the Trump of Southamerica ü§¶üèª‚Äç‚ôÄÔ∏èü§¶üèª‚Äç‚ôÄÔ∏èü§¶üèª‚Äç‚ôÄÔ∏è
vara2009, Wed Apr 22 06:21:44 +0000 2020, 80.620488, 16.610865, Trump Says Coronavirus Cure Cannot ‚ÄòBe Worse Than the Problem Itself‚Äô
guy_ste, Wed Apr 22 06:21:47 +0000 2020, 6.133299, 49.815490, Pr√§sidiale Wunder m√ºssen wartenDonald Trump in Amerika und Emmanuel Macron in Frankreich haben fr√ºh auf Chloroquin‚Ä¶ https://t.co/ASaXbJ8tb1
Nmenon777, Wed Apr 22 06:21:47 +0000 2020, 76.921313, 8.529236, @realDonaldTrump @GOP   @LindseyGrahamSC @senatemajldr Get him out now!#BloodOnHisHands
ewillis7, Wed Apr 22 06:21:50 +0000 2020, -79.857363, 36.090397, @JohnFugelsang Intuitively, we can surmise trump wasn‚Äôt an English major.
QuetaBauer, Wed Apr 22 06:22:00 +0000 2020, -87.732013, 41.833585, #MoscowMitch #McConnell #enabler has prolongued Trump‚Äôs so-called presidency by helping him get away with his crazi‚Ä¶ https://t.co/VwSdhMwdfG
morininfo, Wed Apr 22 06:22:00 +0000 2020, -72.254845, 45.228290, QU√âBEC AU 6I√àME RANG en Am√©rique du nord! Avec 1,041 morts et une population de 8,480,000 d'habitants, soit 123 mor‚Ä¶ https://t.co/i87SJYLs3u
Tony98Tony, Wed Apr 22 06:22:25 +0000 2020, -74.236746, 40.770982, üõëhttps://t.co/4KUZbTC3mF *WASNT 4 DEMS PELOSI&amp;SCHUMER WHO'S MAKING DEALS&amp;RUNNING CIRCLE AROUND PUTIN PUPPET TRUMP.*‚Ä¶ https://t.co/Zk9dT10BuQ
david_baer, Wed Apr 22 06:22:32 +0000 2020, -121.873730, 37.331159, @tlujan @aspiringinvntor @VibinWoosh @CyndiLeea GTFO with this nonsense. We are the makers dood, red states left to‚Ä¶ https://t.co/wC5YK1g2AJ
LeeHarrington48, Wed Apr 22 06:22:41 +0000 2020, -118.359860, 33.758771, We all knew that. So what is next.,?  People wake up.
OneFierySoul, Wed Apr 22 06:22:43 +0000 2020, -83.963842, 35.982470, I‚Äôm seriously appalled that there are people like this in the beautiful state I live in...
saumen70, Wed Apr 22 06:22:54 +0000 2020, 88.502579, 22.563368, @realDonaldTrump President Trump will be having a White House press conference today at 5.30 P.M. Thank you!
levined57, Wed Apr 22 06:22:57 +0000 2020, -117.104989, 32.810012, After boasting how tests &amp; masks are "now available to everyone," Trump learns MD Gov. Larry Hogan had to buy 500,0‚Ä¶ https://t.co/IMPxbNDkQX
jorgeamaranter, Wed Apr 22 06:23:15 +0000 2020, -70.250000, 19.300000, Donald Trump dio a conocer una recomendaci√≥n de las autoridades sanitarias de su pa√≠s para combatir la propagaci√≥n‚Ä¶ https://t.co/1zljZ8dxP5
John_Di_Lemme, Wed Apr 22 06:23:37 +0000 2020, -80.122619, 26.721896, @JesseKellyDC ...üòÅüòÅBernie Dropped Out...so Who is Running Against Trump?...üòÅüò∑üò∑https://t.co/ohLBPelXim
Elah_Avahati, Wed Apr 22 06:23:38 +0000 2020, -73.968542, 40.780709, Lmfao. When attempting to virtue signal goes horribly wrong. @BretBaier @BillHemmer @SandraSmithFox‚Ä¶ https://t.co/JE1O6ipgjW
clarperonhighst, Wed Apr 22 06:23:48 +0000 2020, -70.525171, 43.377360, https://t.co/523VQq4NV0
RayThom08326811, Wed Apr 22 06:24:10 +0000 2020, -86.680738, 32.576227, Mr president Trump the way I have been treated has swayed my voting a lot I'm sorry and I hope you win without my v‚Ä¶ https://t.co/lT1FD8Ycke
DavefromFlint, Wed Apr 22 06:24:20 +0000 2020, -83.725610, 42.994459, @DrascillasD @realCDHilton @JFNYC1 Nothing whatsoever to do with Trump MORON
hemmo76, Wed Apr 22 06:24:41 +0000 2020, -2.165534, 52.943455, Loving the trump tik toks
Seminole_Lady, Wed Apr 22 06:24:56 +0000 2020, -83.804475, 27.698682, This freaking idiot can't remember what day of the week it is much less what he would do if he were president he's‚Ä¶ https://t.co/ih9mnQLVjw
WJC_Otter, Wed Apr 22 06:25:02 +0000 2020, -77.604684, 41.117936, Coronavirus is perfect for prisons. Tight areas. Kills inmates. Frees up space. Jail more people. Swear to God, i‚Ä¶ https://t.co/dvkfIojZhO
VanceKosloff, Wed Apr 22 06:25:05 +0000 2020, -80.846785, 35.209059, @DineshDSouza I am beginning to think that the democrats along with the drive by media purposely created this prese‚Ä¶ https://t.co/qjaXor96fO
TAG273, Wed Apr 22 06:25:07 +0000 2020, 174.856244, -36.595729, @NZSilentRage @gaugeist @Strange_G You unblocked me? Realising your Trump love is wrong and your small business mod‚Ä¶ https://t.co/fsAQkjL4eD
PamelaAlston27, Wed Apr 22 06:25:17 +0000 2020, -88.346470, 17.192219, @CNN I think these people that have walked away or been thrown out of the WH need to come together and form a new g‚Ä¶ https://t.co/boixPTHddi
KPrudhv96009424, Wed Apr 22 06:25:25 +0000 2020, 80.093303, 17.187562, @EricTrump @realDonaldTrump Yes, he has capability and did it again, Bcoz Mr Donald Trump United States of America‚Ä¶ https://t.co/21CbyIpgQ9
Zgola25, Wed Apr 22 06:25:33 +0000 2020, 29.095333, -15.306759, Love to see it ü§£ü§£ü§£
akoz33, Wed Apr 22 06:25:35 +0000 2020, 21.105897, 52.083784, @Iulian68 You are right, but the question (as I understood it) was why so few are people mention this difference. N‚Ä¶ https://t.co/14hcA6TRJj
Revivian58, Wed Apr 22 06:25:44 +0000 2020, -118.113076, 33.844650, Precisely!
NewsScrollngr, Wed Apr 22 06:26:03 +0000 2020, 3.905296, 7.429075, Trump immigration ban targets ‚Äògreen card‚Äô applicantshttps://t.co/v2dcIqlwRn
maryinsouthie, Wed Apr 22 06:26:08 +0000 2020, -93.588078, 45.312947, @SW7805 @LBC @NickFerrariLBC https://t.co/v2aAeAK90z
Jackson2020KAG, Wed Apr 22 06:26:25 +0000 2020, -89.987272, 35.131797, `‚òÜ ‚òÜ ‚òÜ  ReüëçElect  ‚òÜ ‚òÜ ‚òÜ         President  TRUMP  üå≤  üá∫üá∏  üå≤  üá∫üá∏  üå≤  üá∫üá∏  üå≤ https://t.co/gIfIHgpuid
bogwopitt, Wed Apr 22 06:26:50 +0000 2020, -0.641935, 53.589889, Now we understand the level of intelligence of the Trump voters.
KPrudhv96009424, Wed Apr 22 06:27:20 +0000 2020, 80.093303, 17.187562, @EricTrump @realDonaldTrump I love you Mr Donald Trump United States of America
dudosmokokos, Wed Apr 22 06:27:31 +0000 2020, -83.377181, 42.484279, @CNN You say it in a way that you want it to happen. This is why the nation hates your station &amp; others like it. No‚Ä¶ https://t.co/PYlNaio8iy
guy_ste, Wed Apr 22 06:27:34 +0000 2020, 6.133299, 49.815490, ‚ÄûIn H√∂chstform‚Äú sei Angela Merkel, hei√üt es in den USA. Erfahren und rational k√§mpfe sie gegen das Coronavirus. Sel‚Ä¶ https://t.co/9OIBJ8ERUV
potatominto, Wed Apr 22 06:27:38 +0000 2020, 100.406976, 5.532124, same energy iykyk
TimMonbrod, Wed Apr 22 06:27:44 +0000 2020, -117.104989, 32.810012, @WhiteHouse Good Idea‚ÄºÔ∏èüëçüëè‚úä TRUMP/PENCE 4 COMMON SENSE 2020üá∫üá∏üá∫üá∏üá∫üá∏üá∫üá∏üá∫üá∏ https://t.co/Rg4SwYS7qw
amrabog, Wed Apr 22 06:27:50 +0000 2020, -80.322631, 25.940281, Hahaha...this tread is priceless
BernarditaBane1, Wed Apr 22 06:27:54 +0000 2020, -58.647999, -34.443916, ES POR ESO ... QUE PODR√çA SUFRIR UN ATENTADO CONTRA SU VIDA...!!.
maryinsouthie, Wed Apr 22 06:28:04 +0000 2020, -93.588078, 45.312947, @SW7805 @LBC @NickFerrariLBC https://t.co/Skh48ScLIa
cboynton06, Wed Apr 22 06:28:24 +0000 2020, -73.968542, 40.780709, @RodRosenstein  blah blah blah.  Whose side are you  on while Barr and Impotus lie to us and your fellow Americans‚Ä¶ https://t.co/uOgU12VnqF
saumen70, Wed Apr 22 06:28:38 +0000 2020, 88.502579, 22.563368, @realDonaldTrump According to President Trump Harvard should give back the money now. As their whole "endowment" system should be looked at.
Balorac1, Wed Apr 22 06:28:42 +0000 2020, -9.033307, 51.903863, @piersmorgan Why are you surprised, Pierce? Trump isn‚Äôt doing anything that couldn‚Äôt have been predicted
Pshubhamrai, Wed Apr 22 06:28:45 +0000 2020, 77.095086, 28.638489, Mr. Trump plans to suspend Immigration to U.S.  ‡§Ü‡§á‡§ê ‡§Ü‡§™‡§ï‡•ã ‡§è‡§ï ‡§ï‡§π‡§æ‡§®‡•Ä ‡§∏‡•Å‡§®‡§æ‡§§‡§æ ‡§π‡•Ç‡§Å, ‡§ï‡§π‡§æ‡§®‡•Ä ‡•ß‡•¨ ‡§∏‡§æ‡§≤ ‡§ï‡•á ‡§¨‡•á‡§ü‡•á Fadrique ‡§ï‡•Ä ‡§ú‡•ã‚Ä¶ https://t.co/GM1abPvx3Q
Pshubhamrai, Wed Apr 22 06:28:46 +0000 2020, 77.095086, 28.638489, ‡§¨‡•ç‡§Ø‡§æ‡§π ‡§ï‡§∞‡§ï‡•á ‡§Ö‡§Æ‡•á‡§∞‡§ø‡§ï‡§æ ‡§Æ‡•á‡§Ç ‡§¨‡§∏ ‡§ó‡§à ‡§•‡•Ä‡•§‡§∏‡§®‡•ç ‡•ß‡•Ø‡•¨‡•≠ ‡§Æ‡•á‡§Ç Merry ‡§ï‡•Ä ‡§∂‡§æ‡§¶‡•Ä Fadrique ‡§ú‡§ø‡§®‡§ï‡§æ ‡§Æ‡•à‡§Ç‡§®‡•á ‡§ú‡§ø‡§ï‡•ç‡§∞ ‡§ï‡§ø‡§Ø‡§æ ‡§â‡§®‡§ï‡•á ‡§¨‡•á‡§ü‡•á Fred Trump ‡§∏‡•á‚Ä¶ https://t.co/aTN1TCh4JM
BernarditaBane1, Wed Apr 22 06:28:50 +0000 2020, -58.647999, -34.443916, DECI..."" QUE D√çOS LOS PROTEJA..!!
KPrudhv96009424, Wed Apr 22 06:28:52 +0000 2020, 80.093303, 17.187562, @EricTrump @realDonaldTrump Eric Trump is a Leading Businessman and Son of Mr Donald Trump United States of America in my opinion ü§îü§î
naborala, Wed Apr 22 06:28:53 +0000 2020, -95.446486, 29.838495, I never knew that one tweet has so much official power - guess what people would do if they are not on twitter #IMG
Juliacsk, Wed Apr 22 06:29:16 +0000 2020, -118.156711, 33.809172, @Strandjunker Donald Trump is president and Mitch McConnell is evil.
HorseHpc, Wed Apr 22 06:29:22 +0000 2020, 2.242932, 48.837455, @CorentinSellin @demontvalon1 Trump, s‚Äôen bat, comme se sont les plus d√©munis qui d√©c√®dent ! Et qui plus est, de co‚Ä¶ https://t.co/JJLGIpda7a
QuantOfAsia, Wed Apr 22 06:29:26 +0000 2020, 114.064237, 22.246533, With oil prices negative, would the oil and money in this deal flow from US--&gt;China or the other way around?
chadelmartin, Wed Apr 22 06:29:53 +0000 2020, -97.455741, 35.695222, @soledadobrien care to comment? ü¶óü¶óü¶ó
bootyzou, Wed Apr 22 06:30:06 +0000 2020, -79.957910, 37.274489, #Easiest election EVER lolThank GOD EVERYDAY TRUMP PENCE POMPEO. One of the president's staunchest critics ga‚Ä¶ https://t.co/DxAs1Ao8J9
Chris_ulmer15, Wed Apr 22 06:30:14 +0000 2020, -79.002112, 35.054627, Yes ma‚Äôam I do.
TimMonbrod, Wed Apr 22 06:30:19 +0000 2020, -117.104989, 32.810012, @TafurVicky @WhiteHouse TRUMP/PENCE 4 COMMON SENSE ‚ÄºÔ∏èüëç‚úäüëè 2020 ELECTIONS ‚ÄºÔ∏è https://t.co/15qq4vVzdI
DavefromFlint, Wed Apr 22 06:30:47 +0000 2020, -83.725610, 42.994459, @DrascillasD @realCDHilton @JFNYC1 1000 people died in the last bad flu season like this, Obama was playing golf un‚Ä¶ https://t.co/CUK0CU1aT6
brandydoe, Wed Apr 22 06:30:47 +0000 2020, -77.014398, 38.898603, trump got all the sense huh
smbjettyfiremen, Wed Apr 22 06:30:56 +0000 2020, -116.952353, 32.799253, @Matthew_4_Trump @DrLee4America Trump should suspend the presidential election. Watch China virus deaths plummet ...
destroyideas, Wed Apr 22 06:31:29 +0000 2020, -116.516513, 33.954588, To the people who say Trump is an economy president: he‚Äôs not. The markets collapsed when they realized there wasn‚Äô‚Ä¶ https://t.co/4NehNxdY4e
bobjize, Wed Apr 22 06:31:34 +0000 2020, 39.282390, -6.878811, @BenBell45725386 @Busyrathy Good morning kale ka chibonge kweli kanaumwa maana kasingee kaa kimya na choko choko za ka trump
seoo66, Wed Apr 22 06:31:48 +0000 2020, 48.086077, 28.841996, @SergioNovelli Hagan el favor y le env√≠an al sr trump una traducci√≥n de este video , ahh y foto tipo carnet , eso‚Ä¶ https://t.co/kiScFV9u1F
Aloisiusblog, Wed Apr 22 06:32:08 +0000 2020, 6.250031, 49.768031, @angeljimenez La solucion para todo de Trump. Crisis econ√≥mica? Parar la inmigraci√≥n. Terrorismo? Parar la inmigrac‚Ä¶ https://t.co/cG4ywSgt4j
CaseyKeri, Wed Apr 22 06:32:28 +0000 2020, -118.918886, 34.188478, @MBC914 @wickedlilmis @Toure @TaritaC I‚Äôm not sure yet  maybe trump. He‚Äôs not my favorite person. Don‚Äôt like the rh‚Ä¶ https://t.co/so7xX9Um2f
SonnyGaultney, Wed Apr 22 06:32:44 +0000 2020, -83.173867, 32.678207, üëå
WalsHotSpurs, Wed Apr 22 06:32:54 +0000 2020, -6.247622, 53.354902, A Judge shouldn't waste any juries times and pronounce, Guilty as per indictment......
The_FishmanAU, Wed Apr 22 06:33:20 +0000 2020, 145.053135, -37.972566, Youtube is deliberately misinforming people as they need to keep the China is innocent &amp; Trump caused it narrative‚Ä¶ https://t.co/7YBZFqxGpo
JeriKMiller1, Wed Apr 22 06:33:37 +0000 2020, -89.569491, 44.900818, Yes, Americans please do what is best for your kids. Vote for Democrats, Repubs have proven over n over, they don't‚Ä¶ https://t.co/h8I6XP1vIB
loripass, Wed Apr 22 06:33:46 +0000 2020, -84.202565, 39.430269, @realDonaldTrump @nytimes DONALD TRUMP IS A FAKE &amp; A PHONY!
MiguelGarciaDo6, Wed Apr 22 06:34:07 +0000 2020, 2.769968, 39.391698, Bien
THEAdrianPearce, Wed Apr 22 06:34:17 +0000 2020, -95.446486, 29.838495, I don‚Äôt even know what to say anymore...I‚Äôm so sick of him
juliagarnich, Wed Apr 22 06:34:33 +0000 2020, -80.927138, 29.035797, She's a brilliant doctor and Army Colonel. She follows her chain of command, no matter what. That's what our milita‚Ä¶ https://t.co/QPLvStWsJR
kyleTmcintyre53, Wed Apr 22 06:34:35 +0000 2020, -75.306770, 39.937821, As a white progressive male I feel like this needs to be said to my fellow white "progressive" males out there &amp; th‚Ä¶ https://t.co/cETJytzHTO
hle1352, Wed Apr 22 06:35:06 +0000 2020, -117.968540, 33.769045, @RMuranushi @NguyenM86466567 @bbcvietnamese 1/2 Truy·ªÅn th√¥ng "ch·ªëng" Trump theo c√°c nh√† nghi√™n c·ª©u ph√¢n t√≠ch h·ªç g·ªçi‚Ä¶ https://t.co/SHVAOq3V6D
VanceKosloff, Wed Apr 22 06:35:54 +0000 2020, -80.846785, 35.209059, @SpeakerPelosi Trump has fixed 8 years of O'bama failure and all you have done is impeachment https://t.co/bMllUl3XhC
JaneAnneJ, Wed Apr 22 06:36:16 +0000 2020, -118.411907, 34.020789, Par for the course. I hope those who got him elected got what they wanted so SOMEBODY is happy. Trump is a world cl‚Ä¶ https://t.co/sWVEJzt9nO
DavefromFlint, Wed Apr 22 06:36:42 +0000 2020, -83.725610, 42.994459, @DrascillasD @realCDHilton @JFNYC1 @POTUS Thank you President Trump for crafting this bill for the American people
din_kenpachi, Wed Apr 22 06:36:55 +0000 2020, 101.646166, 3.401319, Orochimelania trump-san
saumen70, Wed Apr 22 06:36:55 +0000 2020, 88.502579, 22.563368, @WhiteHouse @realDonaldTrump President Trump's acknowledgement over every state, locality and frontline workers of‚Ä¶ https://t.co/h8c1hLJmLD
HarjRai, Wed Apr 22 06:36:56 +0000 2020, -1.130670, 52.626264, "What do you have to lose? Take it," he said earlier this month, adding that - while he has no medical or scientifi‚Ä¶ https://t.co/eR3Ydh1rvg
sinantomris, Wed Apr 22 06:37:09 +0000 2020, 29.105426, 37.868072, Zƒ∞YAAAAü§£üòÇü§¶üèª‚Äç‚ôÇÔ∏è
JaneAnneJ, Wed Apr 22 06:37:54 +0000 2020, -118.411907, 34.020789, Inaccurate idiot with a GOP surrounding him, coddling him. They are disgusting.
HoodBinJin1, Wed Apr 22 06:37:55 +0000 2020, -74.724323, 40.073041, @washingtonpost Hannity of Fox is a nut case red neck in bed with Trump!
ArmelleNyobe, Wed Apr 22 06:38:13 +0000 2020, 40.498584, 9.149588, Le niveau de diversion de ce monsieur est juste hallucinant...
ericcbarnes, Wed Apr 22 06:38:21 +0000 2020, -114.087851, 51.027664, This is an industry that is morally opposed to a bail out.  This will get interesting.
MassDuke, Wed Apr 22 06:38:36 +0000 2020, -72.647523, 42.223668, @Shorterthan15x @nainani_vikas @SkyNews @GregMilamSky In Missouri Trump is doing a great job. Look at a 2012 electi‚Ä¶ https://t.co/ZAQvvvIkIV
acastellich, Wed Apr 22 06:38:43 +0000 2020, -87.732013, 41.833585, Solo fueron una vez...$1,200 + $500 por cada menor de edad.
Mr99Music, Wed Apr 22 06:38:51 +0000 2020, -87.732013, 41.833585, My Trump check just hit my bank üî•
FlowersJenJen, Wed Apr 22 06:39:12 +0000 2020, -82.669467, 40.365160, Our military has no ill wills towards their sisters and brothers they defend. I believe they wish the best for us a‚Ä¶ https://t.co/xboIuZNTlZ
Claudia42265204, Wed Apr 22 06:39:12 +0000 2020, 12.854388, 41.570430, Ciao Daniele..buona giornata...mi raccomando ...da buon liberale...spiegaci semprecon chiarezza quel che succede...‚Ä¶ https://t.co/rBK7W4R5vu
Tony3di, Wed Apr 22 06:39:23 +0000 2020, -77.014398, 38.898603, @JoyAnnReid Everything is made in China, all countries use China for labor. All countries are bidding for the same‚Ä¶ https://t.co/uzOHWoPH82
BAllenPOTUS2020, Wed Apr 22 06:39:26 +0000 2020, -117.050873, 34.040645, @NavyVetResister Barr can endeavor to Invoke whatever...God willing Trump won't be around much 2021. Nor will Bal‚Ä¶ https://t.co/GbaVWiK4S5
JosephFattarus1, Wed Apr 22 06:39:55 +0000 2020, -81.823177, 26.622149, Some collusion Lara? Hillary Clinton is the Russian Collusion Queen! Quite an understatement. Not some but all.
EdinRM, Wed Apr 22 06:40:10 +0000 2020, -116.465279, 33.809393, Dr. Birx has gone over to the dark side.There have been so many seemingly intelligent Americans that disappear int‚Ä¶ https://t.co/rR6vekr9zN
periocase, Wed Apr 22 06:40:44 +0000 2020, -95.466035, 29.707684, @SylvesterTurner Mayor I now respect you. You don‚Äôt settle with politics. You care. Make facemasks mandatory. Gover‚Ä¶ https://t.co/ThmaOZzoAs
Ernie1138, Wed Apr 22 06:40:50 +0000 2020, -121.877735, 37.662948, I‚Äôm not needy by any means but cmon trump!! The deceased before ya boy??   üßêüßêüßêüßê https://t.co/ZUv3KRJ95B
JohnSmi52254651, Wed Apr 22 06:41:27 +0000 2020, -73.982542, 40.758440, @AGEricSchmitt @TuckerCarlson Oh Mr. Schmitt you are full of shitYou are doing this because The REPUBLICAN'TS wa‚Ä¶ https://t.co/XITSdzISvt
milanoIX, Wed Apr 22 06:41:58 +0000 2020, 152.993197, -27.382143, @Lucas35017515 @ianw84 @Hani_Iskander @pepiermargot @ScottMorrisonMP @realDonaldTrump There's plenty of blame to go‚Ä¶ https://t.co/8prp89Sjgq
_torythegreat, Wed Apr 22 06:42:07 +0000 2020, -88.838595, 35.644325, @that_ruler I said I don‚Äôt care what Trump say, you better stay yo broke ass in the house üòÇ
MichaelMjc40, Wed Apr 22 06:42:07 +0000 2020, 43.685305, 33.224875, Trump plans to bail out oil companies yet more socialism for corporate America
RobHudsonPhoto, Wed Apr 22 06:42:10 +0000 2020, -3.179800, 51.497001, The UK has half the testing of the failed state that is Trump‚Äôs USA. For shame.
Nmenon777, Wed Apr 22 06:42:10 +0000 2020, 76.921313, 8.529236, @realDonaldTrump @DonaldJTrumpJr @EricTrump PAY YOUR GODDAMN BILLS!!TWO BIT CROOKS.üò°üò°üò°üò°
OZSymington, Wed Apr 22 06:42:13 +0000 2020, -81.870504, 26.551447, We need hundreds of millions of test kits, unless we isolate properly. But even then 27 million test kits are not e‚Ä¶ https://t.co/rBDQcao6xr
imgmanral, Wed Apr 22 06:42:34 +0000 2020, 73.246024, 19.160134, @SGBJP @narendramodi Trump ko November ki chinta hai vote milenge ya nahi..
cek422, Wed Apr 22 06:42:35 +0000 2020, -77.604684, 41.117936, @CyndiLeea You did the right thing, I will not shop in a place that show they support Trump either.
tnmukundan, Wed Apr 22 06:42:51 +0000 2020, 77.558448, 12.923115, Surprised that you are surprised.  Explain the logic why you‚Äôre surprised
MelsLoveLand, Wed Apr 22 06:43:22 +0000 2020, -118.411907, 34.020789, Trump administration hires aren‚Äôt ‚Äòthe best people‚Äô they tip toward self dealing, insufferable meanness, and willin‚Ä¶ https://t.co/tKGMP823mz
RahmiBircan, Wed Apr 22 06:43:23 +0000 2020, 27.676775, 36.731610, Farlar Xenon anla≈üƒ±lanüòé
JanyaCochran, Wed Apr 22 06:43:40 +0000 2020, -112.379447, 33.646654, @UniverseatLarge @John_F_Kennnedy @9975Ts I think they did this on purpose to try &amp; hurt Trump's reelection. They j‚Ä¶ https://t.co/XTQHw2Ix25
asgerrojle, Wed Apr 22 06:43:45 +0000 2020, 139.744876, 35.717702, Paal: Coronavirus crisis caught Donald Trump and Xi Jinping unprepared, and US-China relations are going from bad t‚Ä¶ https://t.co/JaSOkAwNee
ethicalmartini, Wed Apr 22 06:44:05 +0000 2020, 145.053135, -37.972566, @ScottMorrisonMP @WHO Trump is a dangerous idiot who will get our American mates killed, you blathering bag of smug‚Ä¶ https://t.co/28hZ3krGde
cubswin66, Wed Apr 22 06:44:39 +0000 2020, -117.035027, 32.985291, Oh, maybe not the miracle cure?ü§≠
stahmosh, Wed Apr 22 06:44:39 +0000 2020, -80.149173, 26.150368, @HuffPostPol A waste. Lincoln project is anti trump but pro gop. Which gets us nothing unless we get rid of the gop senate. Fvck them
boycatforever, Wed Apr 22 06:44:39 +0000 2020, -122.330602, 47.614817, Nope
kendrickisback, Wed Apr 22 06:44:44 +0000 2020, -122.435979, 37.770657, Trump congratulated FIFA today and not FIMA! Now let that sink in!
Stuart_Muffin, Wed Apr 22 06:44:46 +0000 2020, -2.339993, 50.797608, But the trouble is figures turn into fact which go on to create the truth and when given to a monkey mean absolutel‚Ä¶ https://t.co/mmxceOHDbW
robwmedia, Wed Apr 22 06:45:06 +0000 2020, -1.130670, 52.626264, ‚ÄúThe presumption of an entitlement to drive must not continue to trump the right to walk and cycle safely.‚Äù Let‚Äôs c‚Ä¶ https://t.co/N537NYtaEh
KatiaGa23691178, Wed Apr 22 06:45:17 +0000 2020, -43.524366, -22.696528, @FlvioAl71633441 @taoquei1 BOLSONARO E TRUMP,  APRESENTARAM A CLOROQUINA, E O PT EMBARGOU A DISTRIBUI√áAO DO REM√âDIO‚Ä¶ https://t.co/6skr6m7sh5
Pixiedust7500, Wed Apr 22 06:45:22 +0000 2020, -80.334528, 25.747635, ü§¶üèº‚Äç‚ôÄÔ∏èü§¶üèº‚Äç‚ôÄÔ∏èü§¶üèº‚Äç‚ôÄÔ∏èü§¶üèº‚Äç‚ôÄÔ∏èü§¶üèº‚Äç‚ôÄÔ∏è
Bhaggy1008, Wed Apr 22 06:45:27 +0000 2020, 88.375979, 23.417742, Trump got "lucky" 32 times! Maybe isn't lucky - maybe he knows something you don't.
AnnLouie2, Wed Apr 22 06:45:28 +0000 2020, -159.339938, 22.083242, NO
Steve018770, Wed Apr 22 06:45:32 +0000 2020, -116.952353, 32.799253, @maggieNYT OK Barr you want to defend Civil Rights? Trump and his Zombie Demonstrators are violating OUR Civil Righ‚Ä¶ https://t.co/7u905POgfK
milanoIX, Wed Apr 22 06:45:40 +0000 2020, 152.993197, -27.382143, @ReginaFloridian @ScottMorrisonMP @ClimateCritic18 @realDonaldTrump Imagine being so screwed up and disconnected fr‚Ä¶ https://t.co/ysIMAecUfF
Derrick_Healii, Wed Apr 22 06:45:42 +0000 2020, -122.228685, 37.791994, thicc boy tings
GlenBikes, Wed Apr 22 06:46:08 +0000 2020, -122.330602, 47.614817, @joncoopertweets He never said that. Trump would never say please or thank you.
drewalmighty, Wed Apr 22 06:46:10 +0000 2020, -0.018734, 51.599255, I mean, Contagion had a whole subplot about this sort of thing ...
jecedenolopez, Wed Apr 22 06:46:31 +0000 2020, -80.091193, -2.512995, üî¥Informativo:üîπPresidente Trump üá∫üá∏ emite una Orden Ejecutiva que suspende la inmigraci√≥n temporalmente con el objet‚Ä¶ https://t.co/bWcspqtg9M
JuanCarlosHomez, Wed Apr 22 06:46:48 +0000 2020, -75.560285, 5.056934, Que peinada le pegaron a Trump...
supergflexx, Wed Apr 22 06:46:52 +0000 2020, -80.926628, 33.631140, @HBillingston @TomFitton @realDonaldTrump yeah but unfortunately' aunt nothing gonna happen to Trump!
JanyaCochran, Wed Apr 22 06:47:01 +0000 2020, -112.379447, 33.646654, Trump is going to make them repay the money!
euggie, Wed Apr 22 06:47:02 +0000 2020, -83.173867, 32.678207, These are attacks on our civilian targets just like 9/11. Just like Osama bin Laden and Al-Qaeda, all those respons‚Ä¶ https://t.co/12GnUhkS1k
icowrich, Wed Apr 22 06:47:03 +0000 2020, -96.426806, 32.920541, @SenhorRaposa Sinema has good reason campaign the way she did. And, despite what people think, her Trump score is f‚Ä¶ https://t.co/hPPRRm7Hh0
VanceKosloff, Wed Apr 22 06:47:26 +0000 2020, -80.846785, 35.209059, https://t.co/NbaglsQqTB Get'er done Trump make America safe again
GabeKornell, Wed Apr 22 06:47:48 +0000 2020, -82.672903, 27.795720, @Kimmora02398332 @RobAnderson2018 @LindseyGrahamSC Republicans fight for MULTI-BILLION dollar corporations, not peo‚Ä¶ https://t.co/s7xfWonbib
michaelfisher29, Wed Apr 22 06:47:48 +0000 2020, -118.411907, 34.020789, @RandPaul @realannapaulina Are you nuts. That's the sure fire way Democrates could steal votes. Personally I think‚Ä¶ https://t.co/U1WgypXoly
ellauck, Wed Apr 22 20:08:59 +0000 2020, -117.022695, 38.502147, Trump aides explore ways to get a 'frustrated' president out of Washington https://t.co/aWXpVVZgQ2 via @nbcnews
Michell92819175, Wed Apr 22 20:09:00 +0000 2020, -83.173867, 32.678207, @CobbNewsNow Trump just handed GA citizens a DEATH SENTENCE WITH NO APPEAL.  #notmypresident. #americawillneverbegreat
pdiener70, Wed Apr 22 20:09:03 +0000 2020, -111.737566, 33.405755, #putzoftheUnitedStates @POTUS @realDonaldTrump @FLOTUS Happy they decided not to show the orange colostomybag with‚Ä¶ https://t.co/WdX79L5bcU
PatriciaGoyett9, Wed Apr 22 20:09:06 +0000 2020, -75.770041, 42.746617, @Rayp1971 @CNNPolitics Trump would suck too but it might mess up his hair.
babatweet, Wed Apr 22 20:09:07 +0000 2020, -79.420865, 38.003376, You are a nut!
Michell92819175, Wed Apr 22 20:09:10 +0000 2020, -83.173867, 32.678207, @GeigerNews Trump just handed GA citizens a DEATH SENTENCE WITH NO APPEAL.  #notmypresident. #americawillneverbegreat
MaryEli51240172, Wed Apr 22 20:09:10 +0000 2020, -86.244729, 32.364145, No
melayne_mills, Wed Apr 22 20:09:13 +0000 2020, -111.931711, 34.168253, No, of course not. Michael Cohen already told us that, and I believe it. What happens if he won‚Äôt leave? Do we get‚Ä¶ https://t.co/hxKhzjjJBB
jackerella, Wed Apr 22 20:09:14 +0000 2020, -121.469664, 38.561722, @yashar @maggieNYT Fucking Trump https://t.co/CBZZjuWEtx
metrofla, Wed Apr 22 20:09:15 +0000 2020, -83.804475, 27.698682, WTF????
Michell92819175, Wed Apr 22 20:09:17 +0000 2020, -83.173867, 32.678207, @CrispinBurke @IHME_UW Trump just handed GA citizens a DEATH SENTENCE WITH NO APPEAL.  #notmypresident. #americawillneverbegreat
LibertyAndFree4, Wed Apr 22 20:09:18 +0000 2020, -80.132962, 25.816966, @coombs1109 @JoyAnnReid I don't trust the totalitarian Trump administration in this process. In 2012, Donald Trump‚Ä¶ https://t.co/3VhR49Y6CR
fabsayyed, Wed Apr 22 20:09:21 +0000 2020, -0.592599, 51.514695, @raymonddelauney @georgegalloway @johnlennon I don't understand how any self respecting leftist would pose next to‚Ä¶ https://t.co/DnsJVpKxH1
jfboers, Wed Apr 22 20:09:24 +0000 2020, -84.066106, 34.048970, #TrumpIsALoser #TrumpIsALier
Michell92819175, Wed Apr 22 20:09:25 +0000 2020, -83.173867, 32.678207, @BreitbartNews Trump just handed GA citizens a DEATH SENTENCE WITH NO APPEAL.  #notmypresident. #americawillneverbegreat
downsdispatch, Wed Apr 22 20:09:25 +0000 2020, -99.211511, 19.429935, It just occurred to me, if Trump voters die from Covid, they can‚Äôt vote for Trump.
JeffHarperArt, Wed Apr 22 20:09:26 +0000 2020, -121.469664, 38.561722, @SteeOne @blkwomen4bernie @everclay1 @EclecticRadical @LovesTheBern @BerningAtheist @JayinGA @Cofadad @WangCecillia‚Ä¶ https://t.co/RlkBNcOYZn
Judith31581505, Wed Apr 22 20:09:26 +0000 2020, -88.025057, 44.471423, Thank Trump he gives a shit about testing Americans. We  need a presidentthat cares
LeahMcElroy, Wed Apr 22 20:09:28 +0000 2020, -96.426806, 32.920541, @brookentodd @ericgarland One more... Brace yourself for Trump to win again, cause he will. We all felt worse than‚Ä¶ https://t.co/JNuZnyVV6s
Michell92819175, Wed Apr 22 20:09:32 +0000 2020, -83.173867, 32.678207, @Carnage4Life Trump just handed GA citizens a DEATH SENTENCE WITH NO APPEAL.  #notmypresident. #americawillneverbegreat
mrorangevale, Wed Apr 22 20:09:33 +0000 2020, -121.281374, 38.875304, @PressSec @realDonaldTrump @POTUS You're an idiot, just like Donald Trump !!! https://t.co/NuA7M18Szv
813Lou, Wed Apr 22 20:09:43 +0000 2020, -93.105649, 44.941516, @seanhannity Trump could shit gold and these scumbags would investigate him, for purposely trying to influence the‚Ä¶ https://t.co/yexXYAASNz
Michell92819175, Wed Apr 22 20:09:46 +0000 2020, -83.173867, 32.678207, @StarWarsExplain Trump just handed GA citizens a DEATH SENTENCE WITH NO APPEAL.  #notmypresident. #americawillneverbegreat
Michell92819175, Wed Apr 22 20:09:52 +0000 2020, -83.173867, 32.678207, @WGNMorningNews Trump just handed GA citizens a DEATH SENTENCE WITH NO APPEAL.  #notmypresident. #americawillneverbegreat
Michell92819175, Wed Apr 22 20:09:58 +0000 2020, -83.173867, 32.678207, @BrittMullerNews Trump just handed GA citizens a DEATH SENTENCE WITH NO APPEAL.  #notmypresident. #americawillneverbegreat
Michell92819175, Wed Apr 22 20:10:04 +0000 2020, -83.173867, 32.678207, @DaveVescio Trump just handed GA citizens a DEATH SENTENCE WITH NO APPEAL.  #notmypresident. #americawillneverbegreat
Michell92819175, Wed Apr 22 20:10:09 +0000 2020, -83.173867, 32.678207, @chrisreneehair Trump just handed GA citizens a DEATH SENTENCE WITH NO APPEAL.  #notmypresident. #americawillneverbegreat
Michell92819175, Wed Apr 22 20:10:15 +0000 2020, -83.173867, 32.678207, @tanye95 Trump just handed GA citizens a DEATH SENTENCE WITH NO APPEAL.  #notmypresident. #americawillneverbegreat
Mistress_Jan, Wed Apr 22 20:10:18 +0000 2020, -120.583402, 44.145437, Tea Pain has it right...this is murder...genocide...
Michell92819175, Wed Apr 22 20:10:21 +0000 2020, -83.173867, 32.678207, @HardFactorNews Trump just handed GA citizens a DEATH SENTENCE WITH NO APPEAL.  #notmypresident. #americawillneverbegreat
DanHippydan, Wed Apr 22 20:10:26 +0000 2020, -73.948775, 40.655138, @realDonaldTrump Your a snake oil salesman selling snake oil...Trump supporters are dying because he‚Äôs a fraud...
IndivisibleFlag, Wed Apr 22 20:10:25 +0000 2020, -81.067610, 29.345904, So embarrassed There‚Äôs gonna be a freedom rally in Flagler Beach this Saturday so sad. @JoeMullins20 is leading it.‚Ä¶ https://t.co/Zyx6uPKDb1
str8jenn4, Wed Apr 22 20:10:26 +0000 2020, -82.037158, 28.878190, @NewlinLaw @official_flo Calling FLO RIDA one of our greatest musicians,  is like calling Trump a good President..
Michell92819175, Wed Apr 22 20:10:27 +0000 2020, -83.173867, 32.678207, @aravosis Trump just handed GA citizens a DEATH SENTENCE WITH NO APPEAL.  #notmypresident. #americawillneverbegreat
leddeb420, Wed Apr 22 20:10:31 +0000 2020, -121.405451, 38.489742, @IvankaTrump Trump voter's are too dumb for that. You know that to be true.
Michell92819175, Wed Apr 22 20:10:33 +0000 2020, -83.173867, 32.678207, @SkyNews Trump just handed GA citizens a DEATH SENTENCE WITH NO APPEAL.  #notmypresident. #americawillneverbegreat
Hkto_Khan, Wed Apr 22 20:10:39 +0000 2020, -4.624640, 41.649783, Locurote!
JACKROST8, Wed Apr 22 20:10:40 +0000 2020, -87.732013, 41.833585, This is NUTS!!
Michell92819175, Wed Apr 22 20:10:41 +0000 2020, -83.173867, 32.678207, @NYDailyNews Trump just handed GA citizens a DEATH SENTENCE WITH NO APPEAL.  #notmypresident. #americawillneverbegreat
GEKampel, Wed Apr 22 20:10:49 +0000 2020, -80.163042, 26.442273, @RepJerryNadler It‚Äôs a national emergency for tRump to steal money directed lawfully. That‚Äôs OKAY. But try and save‚Ä¶ https://t.co/frkDDx1WZO
Lt_AIR, Wed Apr 22 20:10:50 +0000 2020, -120.583402, 44.145437, @OutlierShME @belightbella @bopinion Some days this last while I have woken up and I see the sun is still shining b‚Ä¶ https://t.co/Xt6fbCrd5A
Michell92819175, Wed Apr 22 20:10:52 +0000 2020, -83.173867, 32.678207, @DChandleyFOX5 Trump just handed GA citizens a DEATH SENTENCE WITH NO APPEAL.  #notmypresident. #americawillneverbegreat
Bobthemediaguy, Wed Apr 22 20:10:58 +0000 2020, -97.152676, 49.853805, @KevinDieterle1 @funder But it IS supporting Trump.Simple math: Voting for Biden, at the very least, negates 1 Tr‚Ä¶ https://t.co/u4Baq0VZ6Y
Michell92819175, Wed Apr 22 20:10:58 +0000 2020, -83.173867, 32.678207, @ABC Trump just handed GA citizens a DEATH SENTENCE WITH NO APPEAL.  #notmypresident. #americawillneverbegreat
Michell92819175, Wed Apr 22 20:11:06 +0000 2020, -83.173867, 32.678207, @RobertMackey Trump just handed GA citizens a DEATH SENTENCE WITH NO APPEAL.  #notmypresident. #americawillneverbegreat
rbestwebs, Wed Apr 22 20:11:13 +0000 2020, -80.122619, 26.721896, BREAKING:TRUMP ADMINISTRATION APPROVEDMASSIVE US INVRSTMENT IN CHINA
Michell92819175, Wed Apr 22 20:11:13 +0000 2020, -83.173867, 32.678207, @meinjueiro_jose @Patriots Trump just handed GA citizens a DEATH SENTENCE WITH NO APPEAL.  #notmypresident. #americawillneverbegreat
VladDavidzon, Wed Apr 22 20:11:15 +0000 2020, 2.347003, 48.858834, @sophiepinkhmmm He learned the open with impossible demands method of negotiating from his father. He sets frame th‚Ä¶ https://t.co/PLRxNl1wgL
w59_tammy, Wed Apr 22 20:11:16 +0000 2020, -83.804475, 27.698682, @Chicago1Ray @Hoosiers1986 @Twitter @realDonaldTrump No, I think it will be Trump Jr. Not Pence. He doesn‚Äôt have the testicles.
Michell92819175, Wed Apr 22 20:11:19 +0000 2020, -83.173867, 32.678207, @MarcuswevansSr Trump just handed GA citizens a DEATH SENTENCE WITH NO APPEAL.  #notmypresident. #americawillneverbegreat
brucehallsports, Wed Apr 22 20:11:20 +0000 2020, -77.616979, 37.688264, Morons.
Rockygator, Wed Apr 22 20:11:20 +0000 2020, -117.782360, 33.689732, 4/20/29 CDC said Trump recommenfstion of the Drug hydroxidclorquine  is deadly taken with metformin several people‚Ä¶ https://t.co/vEy9oDDvI4
janefiore, Wed Apr 22 20:11:20 +0000 2020, -87.875045, 42.240164, Need a laugh? This is one of the best yet! #EarthDay
thomas9023, Wed Apr 22 20:11:30 +0000 2020, -100.076888, 31.168893, @RealJamesWoods Trying to steal.... I still have faith in the American people and Trump.  He will see through their attempts
charmcity1973, Wed Apr 22 20:11:32 +0000 2020, -76.620482, 39.284713, Oh my God, people, stop saying tRump has taken a secret vaccine for a highly contagious virus that was discovered a‚Ä¶ https://t.co/nfWNNmSfVy
lightninmcsteen, Wed Apr 22 20:11:37 +0000 2020, -122.330602, 47.614817, I would be 0% surprised to find out that Trump has large investments in hydroxychloroquine and that is the reason h‚Ä¶ https://t.co/15PH2GZd6U
melayne_mills, Wed Apr 22 20:11:38 +0000 2020, -111.931711, 34.168253, Pleeeeeze- get him to go play golf, maybe Scotland would be good !!
Michell92819175, Wed Apr 22 20:11:38 +0000 2020, -83.173867, 32.678207, @abcWNN Trump just handed GA citizens a DEATH SENTENCE WITH NO APPEAL.  #notmypresident. #americawillneverbegreat
